t,qx,qy,qz,qw
0.0,0.1518759807654354,0.19017434322948293,-0.08789537006667995,0.9659408934115035
0.02,0.15455442465275357,0.19625606106074078,-0.08448732626860071,0.9646027057898823
0.036,0.15674309648466342,0.20083505516611225,-0.0817445212421708,0.963542793843487
0.06,0.1600916426640535,0.20722296542984797,-0.07762522286769669,0.9619790191695063
0.08,0.1629316378925938,0.21211312699938345,-0.07418840501400982,0.9607067103386222
0.1,0.16580197215831788,0.2166195403307601,-0.07074256970764885,0.9594692124328228
0.124,0.16927603881899225,0.22156832950075508,-0.06659973385741307,0.958027960705802
0.144,0.1721915772789195,0.22540124073709045,-0.06315328591950883,0.9568469072249473
0.16,0.17453342356901028,0.22829630847314816,-0.060401640160928756,0.9559134487288498
0.18,0.17746615642464098,0.23169444184162008,-0.056967539896707206,0.9547660175884363
0.196,0.17981205213662863,0.2342327755613366,-0.05422460055346973,0.9538670376179604
0.216,0.18273644571181213,0.2371750570766149,-0.05079915399371286,0.9527721814068889
0.232,0.18506700204427887,0.2393470097521524,-0.048068742316906325,0.9519204849613842
0.252,0.18796257096414318,0.24184608806694932,-0.04466007643539715,0.9508869644579462
0.276,0.19140288841557737,0.24454107631339156,-0.04057194125788383,0.949693905363317
0.3,0.19479400360002372,0.2469131252975609,-0.03648232123606834,0.9485558733962346
0.316,0.19702014757092556,0.2483208586599254,-0.033753814181492175,0.9478293583940779
0.336,0.19975726092396362,0.2498914386821669,-0.03033825977201165,0.9469587612855791
0.36,0.20297475565756068,0.25151106701575277,-0.026245194547218527,0.9459675583747731
0.376,0.2050782340415765,0.2524440633851677,-0.023520346526846748,0.9453368214997397
0.4,0.20816139745498208,0.253631580520794,-0.019424833872021922,0.9444376791515454
0.42,0.2106683784927102,0.25445658499005525,-0.016005538409972625,0.9437237431572112
0.448,0.21410400273898547,0.2555260288710531,-0.011197706580018073,0.9427303622711438
0.472,0.21696050231472616,0.2564067533806598,-0.006954545542621844,0.9418786288861357
0.492,0.21929641709354386,0.25708482324106996,-0.003435507513439455,0.9411719674943403
0.508,0.2211332089288378,0.25757809146703453,-0.0006224546738977475,0.9406132272380683
0.524,0.22294347302812292,0.2580212571474794,0.0021879229844228663,0.9400619403460642
0.548,0.22561261135438107,0.25858429180196313,0.006390415060617133,0.9392509122840857
0.568,0.2277992280946428,0.258956130167264,0.00987532419161537,0.9385902792488267
0.584,0.22953027277920116,0.2591791667764603,0.012636105986312285,0.938073740285095
0.6,0.23125707315343894,0.2593218574929832,0.01532527888799246,0.9375699846784236
0.616,0.23297633733074866,0.2593960047780248,0.01798010022297989,0.937076547004096
0.632,0.23468224778574287,0.2594032933075925,0.02062627954449227,0.9365942187455348
0.648,0.23637781093716562,0.2593445059534176,0.02326333644732088,0.9361222008400774
0.668,0.23849552444591246,0.25917239131183406,0.02650180537925662,0.9355464770456969
0.692,0.24102649513720853,0.2588329976915584,0.030367647978223708,0.9348740631251601
0.712,0.24312421764023678,0.2584393497274531,0.033592740999389775,0.9343293022598734
0.732,0.2452230255611923,0.2579358381995692,0.036805422088036874,0.9337987641948462
0.752,0.24733069792455065,0.25732497160833634,0.040001372036900774,0.933279848216005
0.772,0.2494368651099577,0.2566233254012315,0.04320697968161078,0.9327694656724798
0.792,0.251546713844319,0.2558418581728289,0.04642199813808065,0.9322629416906297
0.812,0.25368496511064054,0.25504378995320903,0.04963973344501262,0.9317362827252272
0.836,0.2563091784582431,0.2541162338258023,0.05349502158084949,0.9310579076568305
0.856,0.258539261590421,0.2533544076571024,0.056706950444594985,0.9304586590001046
0.88,0.26124804013355996,0.2524476013332953,0.060620604966640075,0.929701464106042
0.896,0.2630799380584994,0.2518203337366906,0.06322979072519583,0.9291810691532226
0.912,0.2649336499689264,0.25116708631777696,0.06583203346479892,0.928650310523111
0.932,0.2672817244291965,0.25030731545391055,0.06907333018533364,0.927973923487896
0.948,0.2691825830126182,0.24958157253623856,0.0716729628833858,0.9274226447766467
0.972,0.27207763732246865,0.2484038460488718,0.07554279775190453,0.9265865174094465
0.996,0.2750427064542233,0.2471029944678491,0.07931593720994573,0.9257432699489995
1.016,0.2775519461003294,0.24592836732310527,0.08245309597062958,0.9250327790551911
1.036,0.2800964232663342,0.24465902212471657,0.08557498539374638,0.9243186022369365
1.052,0.28215795838059515,0.2435649826806197,0.08804781002949401,0.9237481090012005
1.072,0.28476289744177685,0.24209176846282537,0.09111589771818174,0.9230382229713544
1.092,0.28739204878000824,0.24049699734053992,0.09417956471835738,0.9223324856892304
1.116,0.2906104008417609,0.23837990385175645,0.097741409932278,0.9215027038195107
1.132,0.2927878533994932,0.23685985186224445,0.10006453492059166,0.9209559014027969
1.152,0.29556379261061416,0.23489771405037027,0.10292270878001036,0.9202564992701359
1.172,0.29840259194936647,0.23287766144801228,0.10573156819936186,0.9195350582780999
1.192,0.30129037076193027,0.23078905050203416,0.10850062236229863,0.9187971166702157
1.212,0.3042081152055886,0.22862030588146273,0.11124232182897599,0.9180497395107894
1.236,0.30774131003294264,0.22587716894896673,0.11444799529197792,0.9171567188983875
1.252,0.3101012070856624,0.22396064690402764,0.11655336159020598,0.9165665190832399
1.272,0.31303838486676944,0.22146946326371256,0.11917205063668712,0.9158363766463605
1.288,0.3153712597449241,0.2193932563370582,0.12125283089386335,0.9152624315467918
1.308,0.31825653871055665,0.2166958770108924,0.12384035188852692,0.914559587833719
1.336,0.32221268142469406,0.212734730580873,0.12745431481369865,0.9136073116876652
1.356,0.3249646712041396,0.2097744368112317,0.13002791518608692,0.9129542099153034
1.38,0.3281717214436117,0.20608012429631606,0.1331080425058102,0.9122042274814467
1.404,0.33126730090699197,0.2022452207225567,0.13617867924795285,0.9114901060148508
1.424,0.3337583501719638,0.19895406675594138,0.1387425756382439,0.9109188441991017
1.44,0.33571287147263645,0.19630240113600264,0.14082296353814377,0.910456549307089
1.46,0.3381354813439918,0.1929789254810245,0.14340463235306936,0.9098673760478156
1.48,0.3405280015231175,0.1896203133346723,0.145953324627239,0.9092757799368617
1.5,0.3428885717807942,0.18619497686065595,0.14843973846926073,0.9086938439194823
1.516,0.3447391576990742,0.18341229925512156,0.15041118430616815,0.9082352763829968
1.54,0.3474448080790264,0.17915417402417688,0.15332506960851666,0.9075666974378176
1.56,0.349630739869892,0.17552742912789096,0.1557069124022973,0.9070302226452702
1.576,0.35133210101853274,0.1725731352641087,0.15756544216046994,0.9066186625124121
1.596,0.3533871438012411,0.16881907880122973,0.15985878077462962,0.9061251654368474
1.612,0.3549770786358885,0.16575878599634092,0.161630374363781,0.9057543378815105
1.628,0.3565116211171545,0.16265943919866685,0.16338064157950252,0.9053994349485005
1.652,0.35870583094718156,0.15793842719756032,0.16596958706322495,0.9048976053835681
1.668,0.360090855675707,0.15474096415304475,0.1676716092564725,0.904586115923226
1.684,0.3614100085687053,0.1515020057500817,0.16935556497794227,0.904294554097874
1.708,0.36325560882880137,0.1465607573761221,0.17184191382064393,0.9039002509714292
1.728,0.364669310598547,0.14235965496241892,0.17386810467450642,0.9036149095291957
1.748,0.3659786606501046,0.13805920892201692,0.1758001160765753,0.9033789868975507
1.772,0.3674190624174208,0.1328438026077286,0.17808338923481556,0.9031290401485623
1.788,0.3683421039130282,0.12937937142409683,0.17959790700771908,0.9029560701015727
1.808,0.3694513013183613,0.1250540932712709,0.18146239220450827,0.9027395028055917
1.828,0.37049737380831266,0.12072869244792021,0.18329741466741278,0.9025288563792304
1.844,0.37127923608063457,0.11726578394706394,0.18474786337428722,0.9023683791829681
1.864,0.3721967698743363,0.11287838132171808,0.1864084444229677,0.9022083613961404
1.884,0.37303187642068086,0.10845179827255334,0.18795459922040172,0.9020856363214157
1.9,0.37362987339717985,0.1049104881322087,0.18917109749694494,0.9020026624444467
1.92,0.37428906789622746,0.10048725344664601,0.19066146156200692,0.9019191829777001
1.94,0.3748526709132984,0.09607990551572476,0.19212302357499916,0.9018552382049217
1.956,0.37523208485481846,0.0925785497868426,0.19328088298411716,0.9018162755726643
1.972,0.3755461889173435,0.08910569258543545,0.19443441600896924,0.9017873881407856
1.992,0.37585665457948436,0.08476549873567506,0.1957939016341577,0.9017823093825273
2.012,0.37606887216899043,0.08050687226566597,0.1972130430827797,0.9017748402686632
2.028,0.37617132141485804,0.07715127036639678,0.1983399027685252,0.9017782994703425
2.052,0.3762172873548779,0.07221557690074551,0.20001398126132908,0.9017981317613285
2.068,0.37618153704057977,0.06900370112341198,0.20112510530487654,0.9018174052640369
2.088,0.3760666641415546,0.06509209033310373,0.20251206961400567,0.9018457437711631
2.112,0.3758660649228395,0.060553218585535015,0.2041243140745517,0.9018820728687016
2.132,0.3756994958049391,0.05693887842418141,0.20542373587257237,0.9018918680838999
2.148,0.37556339811247974,0.054161011852959,0.20644797105316737,0.9018857766043886
2.172,0.3753451258307408,0.05016019268612904,0.20794316783559577,0.9018645300350231
2.196,0.37510674415420336,0.04635282681071366,0.2093893836341957,0.9018328181863758
2.212,0.374935032784357,0.0439245959475838,0.2103377492365677,0.9018050689078707
2.232,0.37469759879894343,0.04097432861959228,0.2114543111172467,0.9017815079931559
2.248,0.374486008092702,0.03868190441242823,0.21230189188177556,0.9017715047157121
2.264,0.3742563569903879,0.03645844582686909,0.21312869045711755,0.9017644494457557
2.28,0.3740080527960112,0.03429380604848373,0.21392417845592857,0.9017640252207897
2.304,0.373602779655397,0.03116409214595451,0.2150727556025574,0.9017724059827967
2.328,0.3731659792381994,0.028184051155169795,0.21617673002226576,0.901787354422626
2.344,0.37285866966886,0.026282385012512892,0.2168939362010908,0.901799683482989
2.364,0.3724536030196715,0.023976415527485095,0.2177473129250195,0.901825677617383
2.38,0.3721159402134073,0.022199716933157428,0.2184063617116577,0.9018511854907416
2.4,0.37169308598912004,0.02006967881179831,0.2192087904985564,0.9018807925598793
2.424,0.37126937663803133,0.01768803203369376,0.22016269413284056,0.9018728134308917
2.448,0.37092622833509353,0.015472754355278754,0.22108861578356215,0.9018282269793243
2.464,0.37073121180741264,0.01407544525681479,0.22168743903403296,0.9017843033714669
2.48,0.3705570427104843,0.012726516901278835,0.2222564179630025,0.9017358806987094
2.5,0.3703617879050028,0.01108132238102548,0.22288510694049196,0.9016826378822113
2.52,0.3701927771620715,0.00950513737444593,0.2234887394092511,0.9016206205815114
2.54,0.3700419160675756,0.007986727807253286,0.2240645287972672,0.9015543685584518
2.564,0.3698830572266065,0.006238798124593236,0.2247344063217838,0.901466609470287
2.58,0.36978745779757,0.00511469338197844,0.22516745766091992,0.9014048435512961
2.596,0.3696973483326245,0.004017250913467978,0.22558822625611566,0.9013421572885316
2.616,0.36958299265573535,0.00263506738514479,0.22603144595772087,0.901283115007581
2.636,0.3694754740531382,0.001285726895606504,0.22646518802913962,0.9012212489674692
2.652,0.36939188488776536,0.00022598595594545712,0.2268000475109153,0.9011721937335052
2.668,0.3693104178278017,-0.0008179637705994819,0.22712167797525562,0.9011242365028415
2.688,0.3692161967675627,-0.00209476587507068,0.2275248566935954,0.9010590721961486
2.704,0.36915341407015023,-0.003078484356544976,0.2278895053137088,0.9009898185785963
2.724,0.3690796101717847,-0.004283420329916206,0.2283341789515204,0.9009025454444315
2.74,0.36904379761838857,-0.005244291965110126,0.22864790367348617,0.9008325643463956
2.768,0.3691085775840781,-0.006863392360585533,0.22917550165834963,0.9006610579118024
2.788,0.369223811329825,-0.007990712337556978,0.22953009386826348,0.9005142206940667
2.808,0.36937381145151194,-0.009107785368879007,0.22986191285843205,0.9003574493924733
2.824,0.3695079952795082,-0.009998987937896782,0.23011262970204302,0.9002288816275266
2.844,0.3696760368164389,-0.0111263391140339,0.23036090481790414,0.900083154999074
2.864,0.3698273831127692,-0.012280595972401024,0.2305447472316757,0.8999588952760045
2.884,0.3699547446874443,-0.013458640936320182,0.23068788817012034,0.899853015841479
2.908,0.37007084070992463,-0.014891973581786361,0.230845839075392,0.8997421856068922
2.928,0.3701371850608248,-0.016102388099656206,0.23097618816614254,0.8996605903522592
2.948,0.3701676132028285,-0.017331017976161732,0.23110125461901532,0.8995931213971949
2.964,0.3701655032476125,-0.01832631517800137,0.2312022406497186,0.8995483145979364
2.992,0.3700901711490763,-0.02013580912317247,0.23130720042483865,0.8995136427211242
3.016,0.3699576607341618,-0.021735014915634534,0.23137826525280272,0.899512655141287
3.036,0.3698362752802839,-0.02308358400241329,0.23144125714215913,0.8995127692972827
3.056,0.36977392967762684,-0.024428917329472413,0.2315130720626055,0.899484389188056
3.076,0.36976660177492765,-0.02576607431548383,0.23159532318435322,0.8994289165383366
3.096,0.3698027832986976,-0.027097070461255868,0.23169440917798537,0.8993494042876876
3.112,0.3698475233607934,-0.028180976673415823,0.23174509398921148,0.8992846342674555
3.128,0.36990402918740795,-0.029272012192212277,0.23177949501917744,0.8992176734149498
3.148,0.3699881542587056,-0.030632156872990174,0.23183504322323784,0.8991234339106196
3.164,0.3700593880340313,-0.03171513208766442,0.2318896308883599,0.8990424899919917
3.184,0.37015076675332576,-0.033061564145288096,0.23197268730416984,0.8989349337928045
3.204,0.37024526367224275,-0.034395398850855,0.2320770980206468,0.898819015063921
3.224,0.37034193985996006,-0.035713747730824044,0.2322044144275847,0.8986948791019805
3.244,0.3704372451360008,-0.03701664866548553,0.2323546468192221,0.8985640395871299
3.264,0.37051889283388556,-0.038306410508800494,0.23249009926944342,0.8984412739343443
3.284,0.37059036072630475,-0.03957333906404081,0.23264954224743378,0.8983156048205605
3.3,0.3706332489044513,-0.04057078326820564,0.23279299980657286,0.8982162465645966
3.316,0.37065998055880844,-0.04155616129096921,0.2329500253426834,0.8981194519459792
3.336,0.37066855855039554,-0.04277076965099524,0.23317810223555993,0.8979996957702471
3.356,0.37064103940465654,-0.04397365936523174,0.23343012296964746,0.897887473395994
3.376,0.37057453951264546,-0.0451673508571566,0.2337054957443841,0.8977840287844338
3.392,0.3704902006381974,-0.046118131809294874,0.23393194466967052,0.8977115207083816
3.412,0.370368122452245,-0.04731147670846766,0.23419343596943606,0.8976316129636326
3.432,0.37028700535702297,-0.04850547219151508,0.23448079943853525,0.8975263269263313
3.456,0.3702187006895588,-0.04994785631146467,0.23485852576452565,0.8973766200349427
3.48,0.370145631159889,-0.051403789842641545,0.23529720981915261,0.8972096105004576
3.5,0.370046490117872,-0.05264374231669291,0.23566602449174648,0.8970818003095331
3.52,0.36991638963171963,-0.053910305941240036,0.2360660142450195,0.8969550604760675
3.536,0.3697838680080917,-0.05494762892716372,0.23640652847101085,0.8968570690653791
3.556,0.3695791563745435,-0.05627498988291734,0.23685735418578088,0.8967401889372807
3.576,0.3693314216473253,-0.05764454261253372,0.23733466676883253,0.8966290557642468
3.596,0.3690418145780764,-0.059063589703207096,0.23784135160094738,0.8965216801243161
3.616,0.3687113202446752,-0.06054441595808328,0.23836552193127183,0.8964196639823089
3.632,0.36842208599176274,-0.06176338176403327,0.23882695844458227,0.896332602969823
3.648,0.36810536981626363,-0.0630233285899923,0.23930450441805215,0.8962476504466275
3.664,0.367759335035498,-0.06432542462329956,0.23979721900434287,0.8961655008976097
3.684,0.3672777305554928,-0.06601447336620546,0.24043519626174048,0.8960692352395365
3.708,0.3666217544662084,-0.06812321484297432,0.24126259598577446,0.8959576309903176
3.728,0.3660051261307199,-0.06995751661212239,0.2419868137440306,0.8958730800116232
3.748,0.36535050040265804,-0.07187449396942844,0.24272858195571678,0.8957878680100178
3.772,0.36458624049118943,-0.07427390017062603,0.2436733741505277,0.8956469995081999
3.788,0.3640737124795228,-0.07593304845864343,0.24432798726776098,0.8955380163180343
3.808,0.3634053458145149,-0.0780712827470623,0.2451606381981464,0.8953980628312408
3.832,0.3625306553279672,-0.08072307712685352,0.24618147147798747,0.8952373941405595
3.852,0.3617175098419056,-0.0830017969249812,0.24705125003774883,0.8951183299630172
3.872,0.36081417542549676,-0.08534540023644381,0.24790482748249726,0.8950265303226344
3.888,0.3600271882969637,-0.08725737333262656,0.2485974784055935,0.8949669648743767
3.908,0.3589595254215709,-0.08968771355265263,0.24947553218020804,0.8949112425208546
3.932,0.3575491405248272,-0.09265230625516914,0.25055626636089634,0.894871901247795
3.948,0.3565289949217075,-0.09465244130248968,0.2512886355284822,0.8948642426590916
3.964,0.3554482797715393,-0.09666767713508795,0.2520330149295194,0.8948693982868654
3.988,0.3537049406625228,-0.09973085056257912,0.2531500906427169,0.8949087126654708
4.004,0.35246523788573497,-0.10178914531507657,0.25390385327986836,0.8949525458189466
4.024,0.350836743143632,-0.10436910678969372,0.2548642176011542,0.8950222901106107
4.044,0.3491251634550158,-0.10695031289676282,0.25584818903101525,0.8951061138118446
4.064,0.3473359104691439,-0.10952643413867076,0.2568613233232101,0.8952005284315283
4.08,0.3458702904997531,-0.11158171768271753,0.2576909011986751,0.8952757462748588
4.1,0.3440578993750208,-0.11415650380791571,0.258757261929317,0.8953419089458754
4.12,0.34224684441459446,-0.11674066993751346,0.2598072049447475,0.8953987545946168
4.136,0.3407993470589328,-0.11880326252546639,0.26066302670581826,0.8954308328207558
4.156,0.3389816540486741,-0.12136268690721506,0.2617609366939024,0.8954572845570118
4.176,0.33715234373021447,-0.12389342008115786,0.2628893051062293,0.8954707872614165
4.196,0.335313003632036,-0.12638753615370427,0.2640529385475122,0.8954705053460343
4.224,0.3327288369239727,-0.12980952439046622,0.26574917366290934,0.89544312223291
4.244,0.3308786152701581,-0.13220581798630232,0.26700547230937033,0.8954044010414097
4.26,0.3293994748749278,-0.13409240659550087,0.268041326801186,0.8953597375201816
4.276,0.32791812822578054,-0.13595079574601382,0.2691035338750081,0.8953046243446464
4.296,0.3260589909060916,-0.13823458960032803,0.2704620491488487,0.8952245599052431
4.32,0.32382129071752924,-0.1409164438955267,0.2721357684312773,0.8951114182369648
4.34,0.3219539294222427,-0.143102523597062,0.2735687208488164,0.8950013910843225
4.364,0.3196926854645274,-0.14567635254347105,0.2753072488609809,0.8948636241879022
4.38,0.31819692102761143,-0.1473750138495023,0.2764821973885606,0.8947563463136767
4.4,0.31638815212065446,-0.1495017683480521,0.27797702940540325,0.894581762379175
4.416,0.3149733345865792,-0.15120290200959488,0.2791877499814293,0.8944180684576954
4.432,0.3135769317310915,-0.15289892467910546,0.28041353260689744,0.8942369246732145
4.452,0.3118487204127149,-0.15500777586958608,0.28196646519106233,0.8939898643187036
4.48,0.30943418156143504,-0.15794005728511104,0.2841872652637854,0.8936123453981998
4.5,0.3076885685360707,-0.160037408734503,0.2858006901328598,0.8933273409659813
4.524,0.30556926757172787,-0.16252946566797002,0.28776295183032513,0.8929748479432441
4.544,0.30377385238280336,-0.16457803439063415,0.2894235534680067,0.8926754863345234
4.564,0.30194643172053703,-0.16659423460343048,0.2911036879131883,0.8923751208160576
4.584,0.3000880093712117,-0.1685683072889502,0.2927956217735307,0.8920777075342783
4.604,0.2981940049493121,-0.17049375285830157,0.29449548037061846,0.891787322005567
4.62,0.2966545204738736,-0.17199104387002603,0.295874342800389,0.891556812313917
4.644,0.2942990297157508,-0.17415910669621804,0.2979527231298684,0.8912243608893549
4.66,0.29269782963363555,-0.17554734246592427,0.2993434493793365,0.8910132492811716
4.676,0.29107523204620367,-0.17688736461375698,0.30073820438558874,0.8908100818649172
4.7,0.2886047651160901,-0.17880613471467638,0.30284702648217987,0.8905163301655873
4.72,0.2865131263705673,-0.18031822465698413,0.3046091957039734,0.8902857991490684
4.74,0.2843937833831187,-0.18175130696133496,0.30638587370535075,0.8900642307073637
4.76,0.28227455507345645,-0.18313570103612084,0.3081713342032079,0.8898386479241648
4.78,0.2801908637341794,-0.18450065819963415,0.30996687036010345,0.8895915502538001
4.8,0.2781255832830534,-0.18583778050753558,0.3117690300067921,0.8893315192818245
4.82,0.2760613855127068,-0.18713732249841736,0.3135869611380476,0.8890629627653672
4.84,0.27397954985260625,-0.18839304846174038,0.3154202804488488,0.8887931774239861
4.856,0.27228350970533804,-0.18936755132832708,0.31686964457652267,0.88859172244198
4.88,0.2696593401498546,-0.1907820975849415,0.3189714001099017,0.8883373668955753
4.9,0.2674221337822414,-0.19190654412310068,0.32072681795493213,0.8881393972404249
4.916,0.26559611859770194,-0.19277410507977052,0.32212592011823105,0.8879930955725457
4.932,0.26373636835263525,-0.19361453179425175,0.32351701558661883,0.8878588185698125
4.956,0.26089196569877987,-0.19482604946091145,0.32559091909269594,0.887676036676475
4.976,0.25847271242643616,-0.19580163827002767,0.3272858129465687,0.887545814043195
4.996,0.25601225656946536,-0.19674724960341614,0.32896404757720604,0.8874293772809886
5.012,0.25402121597697264,-0.1974795645118754,0.33030361808034875,0.8873412890860041
5.036,0.25100069371208794,-0.1985415406567129,0.3323111704535081,0.8872142888736232
5.056,0.2484630279752322,-0.19939564721678943,0.3339873824863439,0.8871076191422872
5.072,0.2464203893489145,-0.20005954935471756,0.3353269377623098,0.8870225550886904
5.092,0.24386975582060907,-0.20088390956764485,0.3370032632033626,0.886905856144326
5.112,0.24136600098492705,-0.20174683758699924,0.33869385283635894,0.8867508901281419
5.128,0.23938636744954223,-0.20245980063282693,0.34005248676227073,0.8866050431019578
5.148,0.23692374722146245,-0.2033700578412389,0.3417487523198666,0.8864059723760925
5.172,0.23397101641912416,-0.20447797553368097,0.34377771412069885,0.8861507796483601
5.192,0.2315002411382844,-0.20541569155619893,0.3454484071804825,0.8859330843759434
5.208,0.22951267600954972,-0.20617045041775237,0.3467757573831268,0.885756315821025
5.232,0.2265172588282413,-0.20729872057391496,0.3487569682821286,0.885486165321636
5.248,0.2245127420601671,-0.2080468039088352,0.3500715708408665,0.88530246318699
5.268,0.22199217789099,-0.20898078597545228,0.35170576707747925,0.8850703686446288
5.288,0.2194482244503932,-0.20990984167474286,0.353323874254766,0.8848404234862107
5.304,0.21739592156980747,-0.21065215221655695,0.3546066437161652,0.8846574547720171
5.32,0.21532626563013008,-0.2113999153098822,0.3558715187779983,0.8844773243330765
5.348,0.2116593704523445,-0.2127200492602374,0.3580526438393083,0.884165592964418
5.368,0.20897950352334727,-0.21367281957688147,0.35954260938157334,0.8839686676123143
5.388,0.20626846865356638,-0.21463726370717,0.3610085648146435,0.883774281136356
5.408,0.20352657160486157,-0.2156151074688039,0.36244931229570343,0.8835822293925785
5.428,0.20077511614546115,-0.2166303990195913,0.36387455356089227,0.8833775705938264
5.448,0.19805461734300903,-0.21773221846178653,0.36529186516796835,0.8831358348719239
5.472,0.19481979058472026,-0.2191467002049219,0.3669848133710854,0.8828035567105569
5.492,0.19211981969852368,-0.2203883897865732,0.3683593446282732,0.8825136405468855
5.516,0.18887087641263542,-0.2219277318018694,0.3699859900795501,0.8821486501974912
5.536,0.18615744099233833,-0.22322935934502103,0.3713385330143439,0.8818286421909591
5.556,0.183439453186445,-0.2245344623649698,0.3726863979890826,0.8814982081541943
5.588,0.17907434939906555,-0.22659619856761065,0.3748183674899647,0.8809640921026051
5.604,0.17687792116035417,-0.22759844122214035,0.3758403231521851,0.8807140296668974
5.628,0.17357555774483968,-0.22905151985304356,0.37734186031862105,0.8803522292002565
5.648,0.17081915719522414,-0.23020700780295988,0.37857634044204935,0.8800599431578663
5.668,0.16805998621456458,-0.23129997857979928,0.3798027601567387,0.8797761217036228
5.684,0.16585424898393825,-0.23212520025875863,0.38078087914550274,0.8795545358736905
5.7,0.1636499511780298,-0.2329060254988075,0.3817519049067837,0.8793400706585702
5.72,0.16090174932890913,-0.2338189116852397,0.3829576541665712,0.8790806440347007
5.74,0.15815572522680346,-0.23465511117169124,0.38414729740282855,0.8788370720885003
5.768,0.15434424541914607,-0.23573796016277335,0.3857990161618672,0.8785013302054951
5.792,0.15114830040004065,-0.23666315955807735,0.3872076197520921,0.8781884760118902
5.812,0.1485202927531683,-0.2374104478503618,0.38837693109641397,0.8779187669050794
5.836,0.14539623335093332,-0.23825147613695163,0.38977078548398747,0.8775960940142795
5.856,0.14280330557750576,-0.23888646381958223,0.39091637959983655,0.8773396477308372
5.876,0.14021528729461133,-0.23944738719618477,0.3920553405855285,0.8770959080352475
5.896,0.13762588990210917,-0.23992526310266793,0.3931864998843053,0.876869065974218
5.912,0.1355453550562901,-0.2402439929919344,0.3940722064547546,0.8767082619970208
5.932,0.1329332181401979,-0.24056469356945212,0.39515461940641067,0.8765330652545293
5.948,0.1308324792091996,-0.240759903472147,0.3959965867888712,0.8764155604024959
5.968,0.12818654437955415,-0.24092304799180636,0.3970179649990584,0.8762996235616975
5.984,0.1260419429401937,-0.24098520979749846,0.39780354569778215,0.8762373515828855
6.004,0.12333441205976634,-0.24097676703478801,0.3987510358938904,0.8761942889136419
6.028,0.1200572350874758,-0.2408462597869556,0.39985206046769906,0.8761835818990907
6.048,0.11730290171885077,-0.2406431332672207,0.4007382864240492,0.876207588105461
6.064,0.11509737585632117,-0.24045673200071907,0.4014300993674982,0.8762345744310275
6.084,0.11235081945280467,-0.2402271609079637,0.40227781719142697,0.8762652351463475
6.108,0.10906118635662933,-0.23993349594012192,0.40326516658857015,0.8763074691982997
6.124,0.10686965222215868,-0.2397130869755129,0.40390722721141975,0.8763420936899972
6.144,0.10412992871656399,-0.23939708728483547,0.4046906379580297,0.8763968736218445
6.164,0.10138530477711898,-0.23902351825851753,0.4054468461641876,0.8764711248124976
6.188,0.09807943567271181,-0.23848564746334625,0.4063191366904183,0.8765898581499014
6.208,0.09531829275470208,-0.2379654943757765,0.4070157163322093,0.8767126400431329
6.228,0.09255081090329274,-0.23738012165531905,0.40768144304282045,0.8768585212236764
6.244,0.09032725295453006,-0.23685305655489364,0.4081789908145847,0.8770014415221219
6.268,0.08698466162813163,-0.2359707325075335,0.4088922970581077,0.8772448754183987
6.288,0.0841972987267993,-0.23515983954622288,0.40945897772948586,0.877470233289101
6.304,0.08196823485515527,-0.23446910026280168,0.4098942821985318,0.8776628777142353
6.328,0.0786315100662085,-0.23337074729302318,0.4105154937314792,0.8779705059619051
6.348,0.0758652774194838,-0.23241364767386963,0.4110168953867355,0.8782331511413359
6.372,0.0725724124201155,-0.23131968545500675,0.41164083663764567,0.8785079792971606
6.388,0.07039703164032017,-0.23062558284134158,0.4120490533123001,0.8786760928463689
6.408,0.06769441514209132,-0.22977690919561902,0.41255233351012943,0.8788746271650044
6.428,0.06500517299423288,-0.22893104650892845,0.41304535662112957,0.8790667988281896
6.452,0.061796253171259745,-0.2278929699422737,0.41361894893997947,0.8792982329236596
6.472,0.05913860723374556,-0.22699406077946874,0.4140805696675372,0.8794962213273616
6.496,0.055968264269311806,-0.22585779291059224,0.41460416613760737,0.8797495076427015
6.512,0.053864862201026625,-0.22505713340666925,0.41493632864817764,0.8799293758539992
6.536,0.05072788320587093,-0.2237823414167645,0.4154081565326026,0.8802182735104214
6.552,0.0486507456656515,-0.22288568891672728,0.41570584173842173,0.8804224711846254
6.572,0.046070855071789214,-0.22171456778214668,0.4160600484380734,0.8806895950559641
6.592,0.04351102582875528,-0.2204862425664371,0.41639283930688537,0.8809708342755815
6.612,0.04097190565265844,-0.21920468772476523,0.4167060251611088,0.8812642602653912
6.632,0.03845426858511233,-0.21786240132670492,0.41699858423442915,0.8815721320812198
6.656,0.03546713854793188,-0.21617905413817576,0.41734062808149025,0.8819498278177126
6.676,0.033005836364425306,-0.21472429521078767,0.41761944304934834,0.8822687190415783
6.696,0.030566226120173127,-0.21322916822730262,0.41788306309165457,0.8825943423900923
6.72,0.02766705589800916,-0.21138670571005558,0.4181823029445443,0.8829913681180491
6.744,0.024797058022627147,-0.20957466876029174,0.41847066710948977,0.883371872371073
6.764,0.022426007868832133,-0.20812560662359783,0.4187071277150746,0.8836657440679812
6.788,0.019604105893261267,-0.20643343893423077,0.4189825853414898,0.8839991558267883
6.812,0.016813160827049197,-0.20477350992702845,0.4192816020054852,0.8843008908029455
6.832,0.0144999147335044,-0.2034091829581119,0.41952174342505794,0.8845427991649892
6.852,0.012197482803280783,-0.20205996901379888,0.4197542228238128,0.8847764592014095
6.868,0.010359849398972477,-0.2009837319850298,0.4199237490255739,0.8849645518336354
6.892,0.00761717177944543,-0.19937039933598857,0.4201568095071116,0.8852466763493075
6.912,0.00535062181201128,-0.19802321278503598,0.42033747428978296,0.8854798618558207
6.928,0.0035496356067819023,-0.19694419447020248,0.42047377011520387,0.8856648310713534
6.948,0.0013109263843817988,-0.1955962894779404,0.42063602356792723,0.8858926056195744
6.964,-0.00046775340725455745,-0.19451986368098306,0.420762157056168,0.8860705451766933
6.988,-0.0031129205126896125,-0.19292703260094504,0.420949371486089,0.8863244871169601
7.008,-0.005303958451224146,-0.19168671580308339,0.42111622262050513,0.8865039188042052
7.032,-0.007917088252755479,-0.19028673972844437,0.4213270440655796,0.886685850984484
7.052,-0.010080061740985587,-0.18917616730204995,0.42150899254957885,0.8868150535935009
7.068,-0.01180039889453251,-0.18831339463733676,0.42165804625159164,0.8869065948663272
7.092,-0.014352941886263288,-0.18704810260917148,0.4219237815990455,0.8870103285140931
7.112,-0.016457686611046782,-0.18602340675512424,0.4221538844822187,0.8870797791107652
7.136,-0.018958392794402174,-0.18482253974490973,0.4224363036860792,0.8871464239193759
7.152,-0.020613501377860905,-0.18403003242727584,0.422620375969087,0.8871865917277539
7.172,-0.022664765113615235,-0.18304147471144352,0.4228488327019469,0.8872322084101802
7.192,-0.024696500138401165,-0.18204357595762302,0.42307429664481716,0.8872758076562036
7.208,-0.02630861278722518,-0.18122800956758886,0.42324916945938523,0.88731302593466
7.228,-0.028309647761447475,-0.18018106584214744,0.42346312953302423,0.8873625669824639
7.252,-0.030687612329609874,-0.1788781604890713,0.42372620622118357,0.887421532481017
7.268,-0.03225692882925086,-0.17797785630010904,0.42389645992263336,0.8874655849521049
7.284,-0.03381078966202843,-0.17704974150445252,0.42406994476119564,0.8875105078171599
7.304,-0.03572773923536161,-0.17584575688367024,0.4242907223455033,0.887569254405914
7.32,-0.0372413936830777,-0.17484737211955131,0.4244651023218993,0.8876208942844286
7.34,-0.039110492808825933,-0.17355969282889766,0.42467953915401147,0.8876906507344358
7.356,-0.04058310465122382,-0.17251321106687204,0.424871265274271,0.8877367918299347
7.376,-0.04241497510955807,-0.17123463363273342,0.42511605864006224,0.8877815084903822
7.4,-0.04461348465166088,-0.1697529324628321,0.42541864572294386,0.8878133558235998
7.42,-0.0464445503550555,-0.16854378457583344,0.42568240595520573,0.8878233978012514
7.436,-0.047905688714605585,-0.16757788701087778,0.42590043080651624,0.8878240365143155
7.456,-0.04972840661079205,-0.1663587621856869,0.4261683566427799,0.8878245207339062
7.472,-0.05118443718370997,-0.16536963588724016,0.42637967442235253,0.8878251011073055
7.496,-0.053361317088036736,-0.16385032094562463,0.42666692324786804,0.8878406268981183
7.512,-0.05480989493952076,-0.16281158639825657,0.42684896178671666,0.8878559717503757
7.532,-0.05661371742255215,-0.16148618874855827,0.4270708820014015,0.8878781220356821
7.556,-0.058768702580048814,-0.15985506931003557,0.42733437548331793,0.887906486035114
7.572,-0.06020339101488019,-0.15874181788908703,0.42750102762190484,0.8879298724256285
7.596,-0.06234817377105451,-0.15703434086452328,0.42774918589935274,0.8879659649891432
7.612,-0.06377036133047684,-0.15587234326401553,0.4279175151192628,0.8879886000818484
7.632,-0.06554385043531245,-0.1543952929138095,0.4281276794228482,0.8880162089219877
7.648,-0.06696173022018073,-0.15319535023595948,0.42828722244216005,0.8880413089742962
7.672,-0.06908140809037812,-0.15136769957267,0.4285343499350146,0.8880731329727879
7.692,-0.07084495730391012,-0.14983499671099815,0.42874931911122516,0.8880903597871577
7.712,-0.07263168719293794,-0.14835448187079558,0.4289900271643935,0.8880783424438679
7.728,-0.07407947349347645,-0.1472136433165489,0.42919498286010216,0.8880495715421037
7.744,-0.07553672357085697,-0.14609643752546184,0.4293948200790484,0.8880147086753859
7.764,-0.0773704639463648,-0.1447197079851157,0.4296590785069683,0.8879544434744218
7.788,-0.07958310678627044,-0.1430816811814091,0.42999642766093565,0.8878610442087097
7.804,-0.08106005254050555,-0.14198916824322627,0.43023138758549007,0.8877889935789873
7.82,-0.0825325780779736,-0.14089169339916705,0.430474204337467,0.8877104616297721
7.84,-0.08436230026563496,-0.13950959319528816,0.43079105768146825,0.8876030308206806
7.86,-0.08617171785146123,-0.1381041098826649,0.43110833976525165,0.8874949516819199
7.88,-0.0879567543803866,-0.13666850013199866,0.43141709251007343,0.8873920344023226
7.9,-0.08971600910908549,-0.13520687602855078,0.43173872791762147,0.8872833871994971
7.92,-0.09144459122882524,-0.13371898908465385,0.4320827110172076,0.8871649505775078
7.936,-0.09280521907342587,-0.1325142134980078,0.4323738780490006,0.8870625705747063
7.952,-0.09414657556242141,-0.13130247689599786,0.43267691127431546,0.8869536472223131
7.976,-0.09612190825891054,-0.12947545380862535,0.4331545401156954,0.8867772155343622
8.004,-0.09839498580428888,-0.1273742128702447,0.4337461402647256,0.8865430178337159
8.024,-0.10003256813303657,-0.12594642756845947,0.4342078749533103,0.886337691866922
8.048,-0.1019986938843335,-0.12428587886629294,0.43479401229657366,0.8860606376718075
8.064,-0.10330353625533517,-0.12319388375715405,0.43519499573950965,0.8858650924860172
8.084,-0.10491868141839658,-0.12182603517933224,0.4357095289657508,0.8856114801708211
8.108,-0.10682171396304674,-0.12015905429339513,0.4363415145631845,0.8853005172064571
8.124,-0.1080614788012296,-0.11901997905297826,0.43676615351164183,0.8850945082487887
8.148,-0.10987610406276373,-0.11725870451700543,0.43741551478185464,0.8847854572714832
8.172,-0.11163528782950803,-0.11542181579482938,0.43807969381612927,0.8844781222934878
8.192,-0.11305726660749492,-0.11382920746413128,0.438642193189724,0.8842250801402539
8.216,-0.11471337627666717,-0.11184644745962227,0.4393417841195687,0.8839174227384049
8.232,-0.1157890483416073,-0.11047897296264698,0.43981365678634243,0.8837144562139341
8.248,-0.11684445085732842,-0.10907605564182636,0.44028840652168005,0.8835133883943527
8.268,-0.11813569568609991,-0.10726933519472097,0.44088726588592037,0.8832642107044085
8.288,-0.11939499658653253,-0.10540253358005244,0.4414979194912317,0.8830145682772861
8.304,-0.12038204822406515,-0.10386708179333379,0.44199016981921746,0.8828162218538438
8.324,-0.12159520153653369,-0.10190596791408132,0.44260946776581755,0.8825682068321087
8.344,-0.12283309783043045,-0.0999567433213736,0.44324528853269296,0.8823005688174154
8.368,-0.12434872788293964,-0.09763879038889957,0.4440060565109352,0.8819652386953215
8.384,-0.12537053497743614,-0.09608732316366306,0.4445155460763778,0.8817343049825911
8.404,-0.12665195841550922,-0.09412620680635746,0.44515521046195855,0.8814399453282863
8.424,-0.12793397235261625,-0.09213097147551834,0.445805049450488,0.8811371293377128
8.44,-0.12895698597146765,-0.09050371261482348,0.4463246775416244,0.8808935554250884
8.46,-0.13022972926032883,-0.08842833239232413,0.4469746982425247,0.8805874554966691
8.484,-0.13174694063836212,-0.08586854243818202,0.4477566448418458,0.8802177708112621
8.508,-0.13325080871027561,-0.08323104533173806,0.44854404816191806,0.8798437656365833
8.524,-0.13424290057656205,-0.08142515091765247,0.44906635142410545,0.879595475466689
8.54,-0.13522402354587196,-0.07957935650961463,0.44958529517311097,0.8793489931976314
8.56,-0.13643028105497307,-0.07720767957334158,0.45022866468887834,0.8790448806054392
8.58,-0.13761122427899344,-0.07475924340700972,0.45086374274262714,0.8787468873104235
8.608,-0.13921812002291906,-0.07119840836617079,0.45174184419338653,0.8783384358595304
8.628,-0.14033133046705787,-0.06856399430195018,0.45236962054826607,0.8780477337706222
8.652,-0.14161717818118766,-0.06530349026678206,0.45311103428815247,0.8777074795222466
8.672,-0.1426757690639875,-0.06253626299560286,0.45372047805897986,0.8774226852107686
8.688,-0.14354590209157017,-0.06031658538269855,0.45420600605968614,0.8771849221115223
8.708,-0.14465025560938635,-0.05752183699732908,0.45480905580679176,0.8768787057379867
8.724,-0.14553860463029056,-0.05526368078091302,0.45528437726738835,0.8766302390204549
8.74,-0.14642266478989835,-0.0529835854692407,0.45575749102173413,0.8763779163604152
8.756,-0.14729740269271716,-0.05067340402381403,0.4562157267309811,0.876129494976594
8.776,-0.14837121490747424,-0.047741022763548115,0.4567694364083657,0.8758244454772627
8.8,-0.1496205182506029,-0.044155041779986526,0.45742036930336977,0.8754602438433156
8.82,-0.1506197600041285,-0.041109350630642076,0.4579524697032336,0.8751589825167394
8.84,-0.15157684320153833,-0.03801212221098586,0.45848060204914526,0.8748571750375753
8.86,-0.15248992306581718,-0.03486943957382157,0.4590027008629165,0.8745555820802569
8.876,-0.15318737723125658,-0.03232786701065675,0.4594155972505156,0.8743145003226825
8.896,-0.15401770440098986,-0.02911502123218865,0.4599256590464244,0.8740133010546297
8.916,-0.15479867880804205,-0.025862402870656814,0.4604149286485447,0.8737199772436224
8.932,-0.15538417792871723,-0.023233141247156395,0.460804924715168,0.8734842870684365
8.952,-0.15607152976154715,-0.01991996605258638,0.46129244390280016,0.8731862079468138
8.972,-0.15676134708176964,-0.016618792037998265,0.4617890964750859,0.8728691346296023
8.996,-0.15760773695967437,-0.012702814649647804,0.46238061245228174,0.8724692596181711
9.016,-0.1583152044547396,-0.009453895539991227,0.4628812059490584,0.872116912504693
9.036,-0.1590108753370666,-0.006212253948016139,0.4634039220198891,0.8717417934698382
9.056,-0.15968617570138566,-0.002973848120495099,0.46395697614116976,0.8713411535140324
9.076,-0.1603426934911402,0.0002615647709647433,0.46451579535163706,0.8709277972924696
9.1,-0.1610987165443756,0.0041442983993495615,0.46519496316634523,0.8704158055568585
9.12,-0.16170000770418272,0.007369635389848353,0.4657788673851219,0.8699705987446478
9.144,-0.1623805266077551,0.01123732197871972,0.4664832729055287,0.8694248922550359
9.164,-0.16291214191870185,0.014455137764563926,0.46707227979408467,0.8689615460166374
9.188,-0.16350121017678795,0.018308713244064967,0.46781291865368146,0.8683796510920766
9.204,-0.16386668574912888,0.020872972554260193,0.4683068448589734,0.8679865940074067
9.22,-0.164210907513177,0.023432768192172028,0.4687997026499577,0.8675900656553543
9.236,-0.16453297600179495,0.02598492691475802,0.4692944898082184,0.8671887713853723
9.252,-0.16483397052459853,0.028532464388176436,0.4697931149301136,0.8667814544631735
9.268,-0.16511403949087747,0.03107368229325882,0.4702894960066755,0.8663714966326684
9.284,-0.16537294456148732,0.03360596176648109,0.47078473096335244,0.8659585241988076
9.304,-0.1657062976127933,0.036741701894370905,0.47140836065758956,0.8654280026527277
9.324,-0.16609040894918364,0.03982277206995725,0.47205024729120015,0.8648680170477309
9.344,-0.16650728354196012,0.04286427088987706,0.47269010473030304,0.8642927997493741
9.368,-0.16703829940355483,0.04647604711852262,0.47346630291142117,0.8635785103764426
9.384,-0.1673946307041547,0.04886546802443009,0.47398348088105385,0.8630937744521465
9.408,-0.1679094414495524,0.05243168617114726,0.4747541996813515,0.8623605902650405
9.428,-0.16830609197111512,0.055388993400609106,0.47539175705891307,0.8617469443728346
9.448,-0.16866360978575654,0.058330425226655734,0.4760270386645904,0.8611320495064251
9.472,-0.16902547250804434,0.06184327046965259,0.47678816685568315,0.8603945859240671
9.488,-0.16922118733226799,0.06417656503614558,0.4772959624896057,0.8599035541554296
9.504,-0.16937667918540214,0.06650231681646848,0.4778031941853049,0.8594143878435404
9.52,-0.16949070033795038,0.06881925825603961,0.47831110694802587,0.8589268287591173
9.54,-0.1695715351911266,0.07169980629572797,0.47895047127438445,0.8583187509871404
9.556,-0.16958226574756363,0.0739922266111794,0.47946291944317526,0.8578358318606597
9.58,-0.1695035524076138,0.07741056861981656,0.4802355229632077,0.8571172568974507
9.6,-0.16934685119203174,0.08023477718798742,0.48088989340846316,0.8565214153414582
9.62,-0.16909987730904286,0.0830321242870974,0.4815310768768199,0.8559431755860251
9.64,-0.1688208426525933,0.08578917421031265,0.4821785174391394,0.855361688407059
9.656,-0.1686144610415204,0.08795329392553916,0.4827009267606971,0.8548878270976196
9.684,-0.16827679410240534,0.09166118360494539,0.4836231263491599,0.8540432188402538
9.704,-0.16804141452580892,0.0942593053105728,0.48428920792806546,0.8534291004242476
9.724,-0.16779928906469097,0.09682195636317242,0.48495968829055625,0.8528088930636915
9.74,-0.1676066047302205,0.09884757750489409,0.48551980187013555,0.8522955499497847
9.76,-0.16736065352661836,0.1013513064986196,0.48622610085023693,0.8516469357510431
9.776,-0.16715322833586854,0.10333526715930474,0.48679299430347656,0.8511252560669713
9.796,-0.1668717817318211,0.10579693920582692,0.4875026187256385,0.8504716414154977
9.812,-0.16662523354100667,0.1077516112229138,0.48806365146214464,0.84995264217938
9.832,-0.16628660520518596,0.1101776678063537,0.48876433672260783,0.8493050509647264
9.848,-0.16599287206389632,0.11210371235335848,0.4893231602551075,0.848788530164333
9.868,-0.16558080437350833,0.11449371678435062,0.49000278090994576,0.8481576862473432
9.884,-0.16522151309779462,0.11639239845666383,0.4905482226564165,0.8476538812745514
9.9,-0.16483676514559403,0.1182795827882252,0.4910917141042258,0.8471527073024988
9.924,-0.16422346043239017,0.1210851201389652,0.49190484882421776,0.8464033721741466
9.948,-0.16367673623258,0.12384393797682335,0.4927075426509998,0.8456428811605148
9.972,-0.16323199305713734,0.12655526260280126,0.4934913023256994,0.844870058931559
9.992,-0.16291889707162086,0.12878612570689216,0.4941308366259892,0.8442193335251659
10.008,-0.16270028349169063,0.1305569155069424,0.4946390538377735,0.843691718569946
10.024,-0.16250294042982324,0.13231958488632445,0.49514520234828424,0.8431580814999338
10.04,-0.16232340541042967,0.1340765834880163,0.4956536819658509,0.842616169658426
10.056,-0.16215703679195764,0.1358291646496763,0.4961592097877342,0.8420698142032133
10.072,-0.16199933959276733,0.13757761819545947,0.4966618934664942,0.8415198016217138
10.092,-0.1618127317683034,0.13975954708229513,0.4972854983503668,0.8408275934860001
10.112,-0.1616330372446517,0.1419443889723647,0.49790516448175004,0.8401291560782381
10.128,-0.16148741815899853,0.14369527939206797,0.49840065576358367,0.8395655226313227
10.144,-0.16133049862933993,0.14544785575590088,0.49889124417241515,0.839002334893127
10.164,-0.16111036113766597,0.14764322356879023,0.49948801764995854,0.8383058214592225
10.188,-0.16080480962421212,0.15028499056737965,0.5001763774700415,0.8374842244680375
10.204,-0.160573194801816,0.15204853776578653,0.500627873631761,0.8369403941842966
10.22,-0.160314352883416,0.1538149335730235,0.5010731448386143,0.8364006085549192
10.24,-0.15993337330413634,0.15601864694766626,0.5016066848709344,0.8357453150338149
10.256,-0.1595885338346923,0.157784838543222,0.5020307918446528,0.8352248371751247
10.272,-0.1592448083468811,0.15955279757977422,0.5024476210230909,0.8347037701647627
10.292,-0.15884763688714856,0.16176544442792412,0.5029574634405504,0.8340462572386811
10.308,-0.1585417301294132,0.16353996617496047,0.5033690855338068,0.8335099057599282
10.332,-0.15807637751347411,0.16621861117211578,0.5039728037016243,0.8327032156184788
10.352,-0.15766390262591803,0.1684684307301337,0.5044631960484083,0.8320320699881204
10.372,-0.15721532984254732,0.17073508562936088,0.5049455769063654,0.8313620360350428
10.392,-0.15671635740381376,0.17302290899444225,0.5054186809267649,0.8306954997202225
10.412,-0.1561541444157461,0.17532974332445384,0.505876549221546,0.8300387227324206
10.432,-0.15550955027252286,0.17765664973462145,0.5063195798939178,0.8293945849806077
10.452,-0.15476944651811986,0.18000580926464801,0.5067577488170045,0.8287586567085594
10.472,-0.15392407298382157,0.18237715060227064,0.5071813453348429,0.8281382962033617
10.488,-0.15316349650018846,0.18428725858989226,0.5075025874937554,0.8276595153493992
10.508,-0.1521018709485907,0.18669062816543566,0.5078880020898919,0.8270800490534586
10.536,-0.15041805560752383,0.19008056424913425,0.5083989616879683,0.8263015692812029
10.556,-0.14908715035966172,0.19251494510996403,0.508743559277136,0.8257669213530985
10.576,-0.1476618183026779,0.19495805319656986,0.5090680256350774,0.8252497138353668
10.596,-0.14616388829189322,0.19741114793325681,0.5093629256096412,0.8247510936309548
10.62,-0.1443613199353236,0.20037757990167596,0.5096483746624224,0.8241766612706464
10.636,-0.14318962819085518,0.2023685529152764,0.5098223282386455,0.8237869219639679
10.656,-0.14173132821399462,0.20486977582601396,0.5100143169412019,0.8233018899958235
10.672,-0.14055953677919542,0.20687773899154507,0.5101530455933422,0.8229146297168386
10.692,-0.13909194423834048,0.2093891486311198,0.5103167749300872,0.8224271424925664
10.708,-0.13792291094287837,0.21139492050013867,0.5104450574391974,0.8220312047359744
10.728,-0.1364707885841304,0.21388956706184875,0.5106486107693888,0.8215016575057008
10.744,-0.1353084050084143,0.21587207755551147,0.5108067250908612,0.8210769581883879
10.764,-0.13385325325039996,0.21833281323692771,0.5110090988103152,0.8205387194955536
10.784,-0.13239457348778408,0.22076822909021682,0.5112168537903921,0.8199941428668929
10.8,-0.13122296198612787,0.22269754619620405,0.5113882703225053,0.8195537652541981
10.816,-0.13004601132059623,0.22461026797851813,0.5115605413100507,0.8191117597939793
10.836,-0.12856108861474225,0.22697528421321167,0.5117783497751371,0.8185579927848494
10.852,-0.12735594063824954,0.22884593941763423,0.5119399425387199,0.8181243766259868
10.876,-0.12550725220327055,0.23161271870070743,0.5121425420141199,0.8175044310826499
10.896,-0.12394851512832238,0.23387931479574245,0.5123141144742788,0.8169892776643974
10.912,-0.12268859305307628,0.23566523561876443,0.5124535684971185,0.8165786832816407
10.928,-0.12141279778291604,0.23742468302158626,0.512591166311256,0.8161732344584024
10.948,-0.11979404517246191,0.239583816489093,0.5127688067784104,0.8156697446962122
10.968,-0.1181543392676467,0.24170074817023743,0.5129587983385304,0.8151647512333101
10.988,-0.11654867296477048,0.24378923643892259,0.5131484340301434,0.8146544664329102
11.004,-0.1153072342794587,0.245445811803249,0.5132906089967215,0.8142440333873137
11.028,-0.11348514502378479,0.2479057467770247,0.513513477988829,0.8136140181300178
11.048,-0.11198055860431129,0.24992528922219776,0.513710461117279,0.8130801107151373
11.064,-0.11077492440638201,0.25151880904990376,0.5138769117608104,0.8126485860296878
11.084,-0.10925241243836034,0.2534825941550313,0.5140968027158214,0.8121052655131624
11.108,-0.10738805221764841,0.25579358042186245,0.5143758998093292,0.811452330177939
11.124,-0.10611526663184297,0.25730274269669334,0.514569525557467,0.8110197606445698
11.144,-0.10448302557715987,0.25915703094675746,0.5148387352594355,0.8104702384132121
11.164,-0.10280172936489863,0.2609712426899819,0.51512153463298,0.8099232182656554
11.188,-0.1007149788719231,0.26309260339433554,0.5154788726239302,0.8092714667825506
11.212,-0.09855444527407119,0.2651531998649078,0.5158589694051271,0.8086224864560722
11.232,-0.09671002046408514,0.2668295644900202,0.5161990302916577,0.8080765536642274
11.256,-0.09444489305582539,0.2687937788895679,0.5166279911053318,0.8074190890810107
11.272,-0.09290338398884973,0.27007052945345933,0.5169247574174174,0.806981824784854
11.292,-0.0909357690197928,0.2716261106426528,0.5173066861288717,0.8064389216898508
11.312,-0.08893108903048241,0.2731419623581637,0.517696020958066,0.8059004651240559
11.336,-0.08655636417020525,0.2749477892267789,0.518158392232181,0.8052475331103492
11.356,-0.08458259277387856,0.2764356343285477,0.5185319973411948,0.8047072093664708
11.376,-0.08259152054037236,0.2778974380702338,0.5189007070766527,0.8041726872035506
11.392,-0.08097897012088681,0.27904258350226163,0.5191980656760077,0.8037481020747956
11.412,-0.07893227360344891,0.2804394056487618,0.5195669509999821,0.8032270036370428
11.432,-0.07684604006874142,0.28179083023911794,0.5199308398072148,0.8027207085507801
11.456,-0.07429095775975383,0.28334864970584644,0.5203824028630308,0.8021200353410395
11.476,-0.07212548866623067,0.2845955190644283,0.520773927182791,0.8016219939470968
11.496,-0.06993433673648293,0.2857957085809258,0.5211760331201662,0.8011276702268385
11.512,-0.06816990259281708,0.2867239548477875,0.52150938024786,0.8007310437409197
11.532,-0.06595418952273635,0.28784649272420376,0.5219416711296603,0.8002320497512904
11.556,-0.06329145938918532,0.28913956240515026,0.5224833119691613,0.7996272214815361
11.58,-0.06064668948792207,0.29037762650777316,0.5230812735979322,0.7989923618464904
11.6,-0.05846343590492492,0.2913730564846246,0.5235977071422327,0.7984542627429546
11.628,-0.05553595272771238,0.29277586133229727,0.5243287195241385,0.7976700112564933
11.644,-0.05394913759291058,0.2935947766308572,0.5247519076230243,0.7971994939374055
11.668,-0.05165430581385098,0.2948309922654522,0.5253961577561762,0.7964705870939023
11.688,-0.04980693469734418,0.29586017138897935,0.5259394473255262,0.7958478032819204
11.708,-0.04800792272223864,0.29688226694551184,0.5264907640401577,0.7952129490328993
11.724,-0.04659359568637827,0.297691728107704,0.5269205621527855,0.7947096281270636
11.74,-0.04520899595129836,0.29849939202498793,0.5273682232673945,0.7941895345152691
11.76,-0.04350301242705664,0.2994975455057987,0.5279352702799406,0.7935320148174362
11.78,-0.04181586705900055,0.3004786242348424,0.5285114083166735,0.7928680349964721
11.796,-0.040472831414298444,0.3012515151332633,0.5289760811166082,0.7923343865778758
11.82,-0.038466339104555616,0.3023847013371584,0.5296886192634294,0.7915262470543428
11.84,-0.036793153165486765,0.3033007044811224,0.5302972629838661,0.790847494409141
11.86,-0.0351118178095126,0.30418985949543725,0.5309189526375364,0.7901650178035721
11.876,-0.03375914581011319,0.3048811553946028,0.5314264652762222,0.7896161809154141
11.892,-0.03240011564371097,0.3055557089139758,0.5319429594874933,0.789064401115675
11.92,-0.029997609750809073,0.30669776310852276,0.5328680645153172,0.7880915247185231
11.936,-0.028614191496137135,0.30733106017440176,0.5334180660986739,0.7875239769407987
11.956,-0.026917963168481614,0.3081400183404282,0.5341113722620504,0.7867974290606004
11.984,-0.024628053301131707,0.30933459792585616,0.5350788133248149,0.7857456516249731
12.0,-0.023341655904976926,0.3100404241328656,0.5356312140770364,0.7851301197951117
12.02,-0.021739817870911938,0.31094235476208004,0.5363225540334129,0.7843470853958912
12.04,-0.020133490301423924,0.3118583912951136,0.5370134782220101,0.7835531319285278
12.056,-0.018837926807105707,0.3125978682894619,0.5375661813432836,0.7829114291735014
12.072,-0.01752755977800061,0.31333992172197467,0.5381202428431493,0.782264330227274
12.088,-0.016197274732929385,0.3140827199795729,0.5386764043033175,0.781612067939274
12.112,-0.014154069224018049,0.3151915650091613,0.5395126273929278,0.7806279937044645
12.128,-0.012756341333012846,0.3159236656351207,0.5400721839965426,0.7799689412538611
12.144,-0.011330259195161674,0.3166507881293374,0.5406397533571108,0.779302611758489
12.164,-0.009507857415696987,0.31754973130111885,0.5413580141810734,0.7784621180763229
12.18,-0.008018516611423833,0.31826030739274147,0.5419381460035277,0.7777847555949456
12.196,-0.006503288931811726,0.3189628028564385,0.5425218790093215,0.777103885219492
12.224,-0.0037895753862248354,0.3201720419566585,0.543549942964978,0.7759052533463509
12.244,-0.0018010726903242096,0.3210151404893336,0.5442846929142592,0.7750485202701882
12.268,0.0006341164297454536,0.32200540832597446,0.5451755538612781,0.774012745616779
12.284,0.0022644796695582624,0.32267219767846167,0.5457806738007241,0.7733052315113389
12.308,0.004667632633325016,0.32373937712793927,0.5466916115214429,0.7722041898322634
12.324,0.0062522627379632744,0.3244884942739564,0.5472939919505332,0.771451497288926
12.344,0.008226035658976083,0.32545537529639273,0.5480457818912225,0.7704913704768277
12.364,0.010204873430416067,0.32644600497614934,0.5487905702330356,0.7695178857029127
12.388,0.012594458151182545,0.32764889563929744,0.5496842445640217,0.7683324879818033
12.412,0.015013456139857821,0.32885208620957584,0.5505805739212295,0.7671322787830767
12.436,0.017470989490987725,0.3300397153965894,0.5514950422320389,0.7659123769600709
12.46,0.0199732905699117,0.3311901286170709,0.5524282112870237,0.7646811346859798
12.476,0.02166828539746935,0.33192672701802756,0.5530597991431213,0.7638586203420134
12.5,0.024243869631635585,0.33298049600579427,0.5540354972237699,0.7626145106677616
12.516,0.025992226225785734,0.33364335992650146,0.5546984863003884,0.7617848133487832
12.532,0.027766160453067654,0.334272359817446,0.5553710809630384,0.7609559725934981
12.548,0.02956634452571027,0.3348659972415469,0.5560539487566789,0.7601280163465337
12.568,0.03184996408342744,0.33556016160079616,0.5569299964032426,0.759087568624738
12.584,0.033701454620107096,0.3360797322378132,0.557644576657857,0.7582526964406577
12.6,0.035574797188520475,0.3365674690293494,0.5583664127120761,0.7574191189501498
12.62,0.03793376426821109,0.3371544961967192,0.5592740727755064,0.7563731795508603
12.64,0.04027206515015701,0.33777447156796236,0.5601864752824125,0.7552997286085785
12.656,0.04213823229250837,0.3382861698569991,0.5609186291315021,0.7544250315014611
12.672,0.04401419972784354,0.3387989897317305,0.5616490557097926,0.7535438494204398
12.692,0.04638298845311938,0.33942849824335347,0.5625607202287254,0.7524376047342115
12.716,0.049273542030578064,0.34015105102652204,0.563668450838135,0.7510973692345421
12.736,0.051736517519721914,0.34070750583160625,0.5645957944635309,0.7499822111883935
12.756,0.054254601770733143,0.34121780155799625,0.5655237539404795,0.7488723080844258
12.772,0.05631053812753421,0.34159125185065453,0.5662674727295971,0.7479877601159829
12.788,0.05840250229272335,0.3419354048183085,0.5670107906534945,0.7471064783149636
12.812,0.06160987429047822,0.3423984348548831,0.5681257490903989,0.745788621808694
12.828,0.06379486069799598,0.34266787546122685,0.5688692478689685,0.744913902209112
12.848,0.06657666566803057,0.34295473713329816,0.5698088927551558,0.7438194818660647
12.864,0.06884035288932205,0.3431421896358162,0.5705617028838786,0.7429493836784979
12.884,0.07171688280116731,0.3433322471646088,0.5715024156736028,0.7418656520269826
12.904,0.0746457786960022,0.3434781734919063,0.5724442234654129,0.7407822642845953
12.924,0.07760025959774092,0.34363788929407196,0.5733772859952908,0.7396821538042898
12.944,0.08056871254963673,0.3438448801188018,0.5742887193045313,0.738560659562735
12.96,0.08295787582676044,0.3440376694141104,0.5750029648756306,0.73765009540205
12.98,0.08597034072808935,0.3442984337345355,0.575871374817803,0.7365051586435055
12.996,0.08841174274659452,0.3445125198200405,0.5765280322203646,0.735601737012543
13.012,0.0908758653479412,0.34473375065286543,0.5771738281863309,0.7346908127333611
13.028,0.09336341574599212,0.3449608172592659,0.5778091239130798,0.7337723921481781
13.052,0.09714207378832372,0.3453089200894006,0.5787392673654537,0.7323837980294853
13.068,0.09969714788301058,0.3455417148385873,0.5793431708245025,0.7314525906915724
13.088,0.10292691298197611,0.34583196432884133,0.5800875518468835,0.7302771632912705
13.108,0.10619066401361515,0.3461218345051324,0.5808233906595198,0.7290866940343433
13.128,0.10948348312908844,0.3464080984980457,0.5815521810834572,0.7278817602426679
13.152,0.11347021242563575,0.3467438143456412,0.5824132507169705,0.7264213952620119
13.172,0.11681814452805801,0.347016182884373,0.5831202738577076,0.7251924131852824
13.192,0.1201895444981779,0.3472816136678078,0.5838168009013865,0.7239529661427426
13.212,0.12358282809213941,0.34753791498596903,0.5845066241512417,0.7227009676008974
13.232,0.12699867551081626,0.347779355511999,0.5851884329172091,0.721439778691235
13.256,0.13112542051461046,0.348044415897676,0.5859952495868902,0.7199172008772332
13.272,0.13389035344394543,0.34820152201759647,0.5865259804091226,0.7188994002114636
13.296,0.13804273782267704,0.3484417079223828,0.5873005668224243,0.7173636615584955
13.316,0.14149052734228082,0.34869331373218354,0.5879160987150573,0.7160642879675954
13.336,0.14493425310730235,0.34896600927936994,0.5885106116366311,0.7147531368486167
13.356,0.1483762067777886,0.34923824631540545,0.5890925413965731,0.7134333369304395
13.376,0.15181482261938975,0.3494954646358116,0.5896613341476167,0.7121128357523787
13.396,0.15524605988095014,0.3497246543745412,0.590219989918791,0.7107965183611344
13.424,0.16002963896204658,0.3499826690627598,0.5910123766329781,0.7089478236626605
13.444,0.1634354297500923,0.3501050418842591,0.5915723626580313,0.7076421833729379
13.468,0.16750140527438295,0.3501739618797199,0.5922407597067489,0.706096564355429
13.488,0.17086181207405712,0.3501614527962964,0.5927976987563516,0.7048291186518407
13.504,0.17352978638558053,0.35010396076362205,0.5932435614154308,0.7038300268770401
13.528,0.17749448051351174,0.34993393684003654,0.5939138369526951,0.70235909868884
13.552,0.18140890363668824,0.3496682991464956,0.594586391986301,0.700920760655614
13.576,0.1852657646376225,0.3493152278163951,0.595260402928068,0.6995144893243679
13.596,0.18843173587333678,0.34896015332623576,0.5958230706049208,0.6983660650698994
13.62,0.19217833115238556,0.34845742219305065,0.5964907194293595,0.6970249174805039
13.64,0.1952428425896682,0.3480542152239922,0.5970353596674733,0.6959075189916025
13.656,0.1976548494729148,0.3477589932942229,0.597458687813966,0.6950103304400893
13.672,0.20003352561999516,0.34747375264072167,0.5978743553665963,0.6941144250401271
13.696,0.20353524711738327,0.34705849688336,0.5985012352046951,0.6927626392786946
13.716,0.20639103554780863,0.34671636130412364,0.5990187028181058,0.6916408742430176
13.732,0.20863068339359014,0.34644020585500074,0.5994309044239919,0.6907496019074519
13.752,0.21137450030101712,0.3460829753515786,0.5999453067895005,0.6896470283090808
13.772,0.21405834578083624,0.34570600939843255,0.6004549318443029,0.6885639073399334
13.788,0.21615987629827704,0.3453891126711082,0.6008639520927472,0.6877090807910443
13.804,0.21822085899706625,0.34505974113765503,0.6012733003203167,0.6868652342829061
13.82,0.22024586359963336,0.34471287111161714,0.6016717365354223,0.6860436702657396
13.84,0.22273092918812742,0.34424785354576376,0.6021586224822463,0.685046963267783
13.856,0.22468018113450194,0.34385377750225565,0.6025506546623317,0.6842631836280484
13.88,0.22754082600990141,0.34322452065581954,0.6031466792328685,0.683107739854906
13.904,0.23032592556845263,0.3425406802542249,0.6037492535600133,0.6819843760730413
13.92,0.23214256665412336,0.3420678569796555,0.6041532665702666,0.6812475618019181
13.94,0.2343710336140884,0.3415153986577606,0.6046477698209998,0.6803223688317076
13.96,0.2365582453132128,0.3409932075937152,0.6051293577189857,0.6793984761359797
13.976,0.23828214101177758,0.3405823723606157,0.6055026621250255,0.6786691351988579
13.992,0.2399769359061299,0.3401710445518072,0.6058808945935982,0.6779403161400706
14.016,0.24246291435358122,0.33952413550692623,0.6064526062525019,0.6768680321458462
14.032,0.2440793908337289,0.3390575877528809,0.6068386812934714,0.6761745470242384
14.048,0.24566387650396093,0.33855089357196405,0.6072305382466795,0.6755024986358816
14.072,0.24797753495923755,0.33770232666447575,0.6078372823274548,0.6745354838210618
14.088,0.24947655080411865,0.337065322137764,0.6082554727289305,0.6739241048562892
14.104,0.2509380337391701,0.33636283605725303,0.6086866774856999,0.6733429099604896
14.124,0.2527131991971387,0.3353904104021571,0.6092447067050956,0.6726590510159228
14.148,0.2547620603227397,0.3340799515273818,0.6099457406400294,0.6719025763328051
14.172,0.2567156203171677,0.33261491664167314,0.6106788945333027,0.6712195581806357
14.192,0.2582786685040685,0.33135543491754244,0.6112981377413913,0.6706789783050299
14.212,0.2597808297108919,0.3300693814857786,0.6119252982452996,0.6701608413565487
14.228,0.2609233212464213,0.3289611699506728,0.6124498412646471,0.6697826222210682
14.244,0.26200450680334436,0.32776602690187046,0.6130116080705261,0.6694324748579847
14.264,0.26328538832880477,0.3262038348788504,0.6137352438731448,0.6690298295523552
14.284,0.2644939216463895,0.3246190319556886,0.6144725039513559,0.6686471351856793
14.304,0.26562751487567604,0.3229979685297334,0.6152259993859486,0.6682898363331576
14.32,0.26647988810914575,0.3216707989595329,0.6158414976749098,0.6680236643050881
14.34,0.2674753604074048,0.3199683578762822,0.6166273768800872,0.6677183984396919
14.364,0.2685631405558428,0.31784798349508847,0.6176046570007445,0.6673911795745292
14.384,0.26937069746570375,0.31600363666002884,0.618458101619307,0.667151186393249
14.404,0.2700894356485647,0.31408669898905334,0.6193376113036876,0.6669498972890258
14.424,0.27071823496515984,0.3120969918348292,0.6202443386090808,0.6667863716126651
14.44,0.2711535033806804,0.3104525652655137,0.6209895646124804,0.666683540344928
14.464,0.27169268013799974,0.3078973953056501,0.6221392988274702,0.6665770580944792
14.484,0.2720352741756421,0.30569311418334244,0.6231324372651627,0.666524189488312
14.508,0.2723159572812021,0.3029621387736563,0.6243709007066026,0.6664975170475432
14.528,0.27244129896862657,0.30060508674654346,0.6254299728326908,0.6665205694657069
14.548,0.2724660366117894,0.2981729769449728,0.6265210861043972,0.6665781749948031
14.568,0.2723856318178544,0.2956502899055833,0.6276477564645709,0.666674783881109
14.592,0.27214998471356194,0.2924956290159687,0.6290503025030557,0.6668406179498779
14.612,0.27184131799492023,0.2897570124509084,0.6302611554134369,0.667018776005015
14.632,0.2714329218604733,0.28693148885950964,0.6315064997510192,0.6672286192927934
14.652,0.270948954166726,0.2840926849820795,0.6327718524965548,0.6674412283217968
14.672,0.2703888923624099,0.2812364028982952,0.6340625119632245,0.6676531011646263
14.692,0.26973833463484465,0.2783233014986962,0.6353821119105503,0.6678824316714548
14.712,0.26898136501977604,0.27532354461833364,0.6367390525881987,0.6681387205962379
14.736,0.26791802485483834,0.27160609321981033,0.6384224695843345,0.668480973860583
14.756,0.26689771798958845,0.26840154112963915,0.6398736484703292,0.6687958842909055
14.772,0.26599426698475775,0.2657644871632657,0.6410639625780359,0.669068967429991
14.788,0.26501155564726614,0.263058960072157,0.642281467402549,0.669360422739797
14.812,0.26338889313020936,0.25886669434999354,0.6441528094963186,0.6698369081723923
14.828,0.2622042467264164,0.2559789134810222,0.6454331334034741,0.6701789307018545
14.848,0.26060931435239776,0.25226792350547517,0.6470701999820279,0.6706294329495442
14.876,0.2581550351161919,0.24688748923125584,0.6494352767778052,0.6712945454729837
14.9,0.25585017084865236,0.24211136065728595,0.6515349869158332,0.6718816413193458
14.92,0.2537914315752308,0.23801847013949046,0.6533266661846475,0.6723848484190477
14.94,0.251610645074457,0.23382860463413607,0.6551556164679336,0.6728947801481227
14.96,0.2493095115584215,0.22954542580947798,0.6570164406527463,0.6734115098871143
14.98,0.24692062490097305,0.22522180263535593,0.6588933032839499,0.6739176207102456
14.996,0.24495615108942936,0.22174705820341153,0.6604012179236318,0.6743107277706394
15.016,0.24242450498705842,0.21737313476500417,0.6623058294131655,0.6747816446744487
15.036,0.2397992926228208,0.21295311694597593,0.6642454099409881,0.6752224112193826
15.056,0.23707571080543183,0.20847519366528555,0.6662083343411725,0.6756475828615695
15.08,0.23366774749767796,0.20302526947183658,0.6686007148453075,0.6761310581859064
15.104,0.23009526794964985,0.19749450366583657,0.6710469493741877,0.6765708243965003
15.12,0.2276186341788637,0.19376058080301864,0.6726909450710976,0.6768555880841785
15.14,0.22441989338967097,0.1890424756297736,0.6747662728944269,0.6771920930008701
15.156,0.22177916496814284,0.18522931603403162,0.6764334317050469,0.677452518586603
15.176,0.21837574090189799,0.18042237935613875,0.67853320441567,0.6777554804783354
15.192,0.21557336534936408,0.17655034920678356,0.6802236515786345,0.6779777888544292
15.208,0.21270037135396092,0.17265976146618617,0.681923019567275,0.6781800308034561
15.224,0.20976137608222087,0.16875705009522132,0.6836325094896796,0.6783567019762503
15.244,0.20599497204521233,0.16385591020955745,0.6857695008299274,0.678555453823018
15.264,0.20213840191336194,0.15895560110107707,0.687913127783455,0.6787110666356423
15.284,0.19822128997460098,0.15410008646681367,0.6900562802937915,0.6788105874091992
15.304,0.19424492027741866,0.14928768796989156,0.6922015352123141,0.678851332632366
15.32,0.191020936550575,0.14546755768423936,0.6939182610984604,0.6788428672195154
15.34,0.18693491711940785,0.14072854663537815,0.6960642397318262,0.6787822825398503
15.356,0.1836156451548713,0.1369525472031239,0.6977621643306329,0.6787173614234185
15.376,0.17940006828164845,0.13225056765643745,0.6998605551589834,0.6786166857568782
15.396,0.1751184632520078,0.1275851208474909,0.7019596631557339,0.678460162477411
15.42,0.1698993232558259,0.12204533256825995,0.7044806923158161,0.6781932695845218
15.444,0.1646030263033273,0.1165869722007312,0.7069989843400678,0.6778390353077673
15.468,0.15924796484349943,0.11122979767262464,0.7095210768522556,0.6773830964124558
15.488,0.15474413302757292,0.10684793564509006,0.7116190350187782,0.6769314004689623
15.504,0.15111805733761388,0.10339851228374003,0.7132848790779109,0.6765328977092133
15.524,0.14656591178384892,0.09916031363923072,0.7153656205168648,0.6759716670722669
15.544,0.1419987583733897,0.095004912112363,0.7174469000068233,0.6753372231452499
15.564,0.13741964654180178,0.09093423573435899,0.7195287865098567,0.6746296249790601
15.596,0.1300920427967191,0.08461599818270708,0.7228602490774706,0.6733418548970338
15.612,0.12643913412370955,0.08155167388618115,0.724516800527194,0.6726350240674707
15.628,0.12280572837432233,0.07856044440291295,0.7261731777185226,0.6718776120811379
15.652,0.11738462092527335,0.07419959806399086,0.728656505580571,0.6706526427984038
15.672,0.11288712486378853,0.07066563387491832,0.7307284002075864,0.6695512455063501
15.688,0.10930527561515194,0.06790059164051199,0.7323873257092206,0.6686184797910242
15.712,0.10381080058615612,0.06369175016015784,0.7348915923020451,0.6671589212526219
15.732,0.0976838106850868,0.058576369288760685,0.7370959881377956,0.6661202491758927
15.756,0.08629927839045841,0.04827769255883368,0.7399618267796387,0.6653406600076541
15.776,0.07375002575468627,0.03669079029601019,0.7423761451799976,0.6649002772418766
15.796,0.05944734986773628,0.02355168078178262,0.7446365293971148,0.6644003085591365
15.824,0.03847620018515295,0.004695901016430568,0.7473551656255988,0.6632931380209581
15.844,0.023894711095809668,-0.00800838313071917,0.7489711527495702,0.6621231916571563
15.86,0.012917491368638134,-0.017277882536027803,0.750104742432661,0.6609670858460681
15.884,-0.0020289476965952825,-0.029370437971279705,0.7516328720673993,0.6589243404005748
15.904,-0.012871497470840078,-0.037629490180349716,0.7528498837677798,0.6569896487255074
15.924,-0.0221217365826139,-0.04417330999243949,0.7540958567687737,0.6549036465458491
15.94,-0.02842164538550067,-0.048259471710223184,0.7551660588123554,0.6531366297197281
15.96,-0.034962623634552166,-0.05200964755590737,0.7566083989946817,0.6508581581884055
15.976,-0.03911887972315095,-0.0539421584842043,0.7578640851587836,0.6490007590239867
15.996,-0.04299014883265162,-0.055069971067767454,0.7595716657895804,0.6466606760269129
16.016,-0.04535763692623185,-0.05479431561570459,0.7614679978576621,0.6442877897239079
16.04,-0.04627750510322575,-0.05272570743061354,0.7639923736598396,0.6414000664850029
16.06,-0.04565718912177399,-0.04978890190986358,0.7662712864521444,0.6389560250025695
16.076,-0.0444195482259907,-0.0468142710890549,0.7681929890093006,0.6369575020319299
16.092,-0.04258857915275391,-0.0433554415510753,0.7701814141880886,0.6349229148903801
16.12,-0.038221012286538535,-0.036396739404715224,0.7737644594353159,0.6312709346194161
16.136,-0.0351584350838183,-0.031999384959961186,0.7758529814322747,0.6291200799587402
16.156,-0.03088405438331025,-0.02619594981478985,0.778481902507202,0.6263592219061815
16.172,-0.02716747993497941,-0.021359858631582664,0.7805883385912922,0.6240893606916461
16.192,-0.022256246645897416,-0.015163890262110336,0.783207647086748,0.6211767038952729
16.208,-0.018181426538204978,-0.01013951177262479,0.7852814454611692,0.6187888795416944
16.224,-0.014017152746055021,-0.005083938884748926,0.7873232554679586,0.6163600931222313
16.244,-0.008756817882980897,0.0012215039832281992,0.7898297497340588,0.6132624173252567
16.268,-0.002445894917598731,0.008707421583196148,0.7927762083806112,0.6094457168879654
16.288,0.002734390656623557,0.014821839249639123,0.795172708104863,0.60619567836976
16.304,0.006789245423373741,0.019606186255560945,0.7970528597826582,0.6035530153345106
16.324,0.011712275460176742,0.025432766012499136,0.7993613393937773,0.6001978391323021
16.344,0.016426592995664027,0.031061166405479037,0.8016257019800381,0.5967927654631021
16.36,0.02002614854828088,0.03541133734591106,0.8034052161751783,0.5940412857573212
16.376,0.02345959277441164,0.03961715719316787,0.8051606193329601,0.5912668648234525
16.4,0.028278835899173207,0.04564413557000089,0.8077550313566723,0.5870679088880915
16.424,0.03267127148614938,0.05131478850445716,0.8103141361212266,0.5828296331710764
16.444,0.03599216304616435,0.05575775765918467,0.8124260680479112,0.5792749956767415
16.464,0.038997450065524075,0.059941143927800485,0.8145241897937538,0.575705308637885
16.48,0.04117241553470887,0.06310126205060995,0.816192263948413,0.5728466210055024
16.504,0.04405547588816975,0.06753256074893398,0.8186733765123844,0.5685704625398423
16.52,0.04573110445402255,0.07028134476445559,0.820325837431466,0.5657161117609071
16.54,0.047582657421388355,0.07351012372359118,0.8223914868691784,0.5621426818415083
16.56,0.04917295328125266,0.07651690745488797,0.8244607418632903,0.5585621439601621
16.584,0.05075149288412083,0.07984025795546963,0.8269552764280674,0.5542515583806831
16.604,0.051796360201439386,0.08237335833248578,0.8290429893209027,0.5506536922284027
16.624,0.05261636564752534,0.08470544028049563,0.8311351940653825,0.5470564830425029
16.648,0.05330771476918832,0.08724457495577953,0.8336492134903533,0.5427482478403663
16.668,0.05363853936316932,0.08913973340276539,0.8357620423257343,0.5391463842328791
16.684,0.05375946020756819,0.09052049202102591,0.8374633880969592,0.5362565007154918
16.704,0.053770034675539716,0.09210287565164511,0.8396063817982465,0.532622725117269
16.72,0.05367960815007131,0.09326436315606845,0.8413324832713819,0.5296979430074822
16.748,0.053354087754174384,0.09509656879917658,0.8443674790944343,0.5245508022777714
16.768,0.053006531421387414,0.09625867235413296,0.8465528832411906,0.5208385464799244
16.792,0.052528584619440204,0.09753113846159941,0.8491986405161208,0.516323632786487
16.816,0.05215402452740363,0.09876478664855311,0.8518501481907648,0.5117389956523081
16.836,0.05194143486466703,0.09977805378820122,0.8540623345175617,0.507862142795514
16.852,0.05179501296037142,0.10055936110648961,0.8558313365221949,0.504735391024766
16.868,0.05165380825043599,0.10131095820519405,0.8575983834195118,0.5015904570434058
16.892,0.0514138913967665,0.10236387371582978,0.8602528035421257,0.4968333353623166
16.912,0.05116563043624211,0.10316922241662978,0.8624630172219134,0.4928445330248509
16.932,0.050853530359324536,0.1039055112059192,0.8646726010221113,0.4888341807123217
16.956,0.0503802880354101,0.10469524888742718,0.8673262245265848,0.48398961939935137
16.976,0.04989489521875476,0.10527323401059728,0.8695397109314458,0.47992576170207546
